model,accuracy,auc
Logistic Regression,0.6279884966199732,0.745926393323717
Random Forest,0.7559014138136231,0.788513154838157
Gradient Boosting,0.7566246802224905,0.7901223673963689
