question,skill,correct,response_time,streak
89675,Square Root,False,1.695584673867869,0
80710,Square Root,False,2.7579021500942735,0
513355,Exponents,True,14.951359048368465,1
58781,Exponents,True,1.0287918476788687,2
526085,Square Root,True,0.4184312573606025,3
401230,Exponents,False,0.4425809266476352,0
528161,Exponents,True,2.6001874486385477,1
372915,Exponents,False,0.22129316867775295,0
401343,Square Root,True,1.1671529611532074,1
401179,Square Root,False,1.4391985804496783,0
